               epoch,      train/box_loss,      train/obj_loss,      train/cls_loss,   metrics/precision,      metrics/recall,     metrics/mAP_0.5,metrics/mAP_0.5:0.95,        val/box_loss,        val/obj_loss,        val/cls_loss,               x/lr0,               x/lr1,               x/lr2
                   0,            0.088945,             0.03281,                   0,             0.03114,            0.037838,            0.013109,            0.002767,            0.063128,            0.024437,                   0,              0.0018,              0.0018,              0.0838
                   1,            0.070359,            0.030739,                   0,             0.16999,             0.37838,             0.11864,            0.033051,            0.048263,            0.019268,                   0,           0.0036817,           0.0036817,            0.066682
                   2,            0.060199,            0.028757,                   0,             0.26702,             0.48649,             0.25622,            0.060889,            0.038076,            0.016362,                   0,           0.0055446,           0.0055446,            0.049545
                   3,            0.050269,            0.025459,                   0,             0.36937,             0.49392,             0.32935,            0.086535,            0.042704,             0.01275,                   0,           0.0073886,           0.0073886,            0.032389
                   4,            0.046039,            0.023619,                   0,             0.49115,             0.30811,             0.31034,            0.092901,            0.029189,            0.011662,                   0,           0.0092139,           0.0092139,            0.015214
                   5,            0.046537,            0.023717,                   0,             0.42546,             0.48108,             0.36538,             0.12802,            0.030426,            0.010915,                   0,           0.0097525,           0.0097525,           0.0097525
                   6,            0.038453,              0.0247,                   0,             0.29676,             0.51781,               0.312,              0.1007,            0.031728,             0.01072,                   0,           0.0097525,           0.0097525,           0.0097525
                   7,            0.036133,             0.02437,                   0,             0.33347,             0.51351,             0.29761,            0.084517,            0.026697,            0.011247,                   0,            0.009703,            0.009703,            0.009703
                   8,            0.042646,            0.024693,                   0,             0.31383,             0.32432,               0.266,            0.075594,            0.029854,            0.012907,                   0,           0.0096535,           0.0096535,           0.0096535
                   9,            0.036733,            0.025862,                   0,             0.21096,             0.36216,             0.18199,            0.051826,            0.028167,            0.012904,                   0,            0.009604,            0.009604,            0.009604
                  10,            0.038469,            0.024884,                   0,             0.21166,             0.42162,             0.18059,            0.052565,            0.028181,             0.01171,                   0,           0.0095545,           0.0095545,           0.0095545
                  11,            0.036886,            0.024894,                   0,             0.25764,             0.54591,             0.25181,            0.074991,            0.025681,            0.011712,                   0,            0.009505,            0.009505,            0.009505
                  12,            0.033529,            0.026139,                   0,             0.21853,             0.45946,             0.19307,            0.057258,             0.02674,            0.012399,                   0,           0.0094555,           0.0094555,           0.0094555
                  13,            0.033944,            0.025065,                   0,             0.16629,             0.23784,             0.11387,            0.028116,            0.031143,            0.013113,                   0,            0.009406,            0.009406,            0.009406
                  14,            0.030492,            0.023673,                   0,             0.10228,             0.31892,            0.068329,             0.01656,            0.033191,            0.013455,                   0,           0.0093565,           0.0093565,           0.0093565
                  15,            0.029982,            0.024377,                   0,             0.16362,             0.29608,             0.11825,            0.028413,            0.028388,            0.013327,                   0,            0.009307,            0.009307,            0.009307
                  16,            0.028037,            0.023026,                   0,             0.24381,             0.53514,             0.22873,             0.06358,            0.021437,            0.011931,                   0,           0.0092575,           0.0092575,           0.0092575
                  17,            0.029433,            0.024789,                   0,             0.24332,                 0.6,              0.2391,            0.080229,            0.020658,            0.012039,                   0,            0.009208,            0.009208,            0.009208
                  18,            0.030064,            0.025711,                   0,             0.27357,             0.64324,             0.27555,            0.090563,            0.023013,            0.011466,                   0,           0.0091585,           0.0091585,           0.0091585
                  19,            0.027391,            0.024885,                   0,             0.34605,             0.63784,             0.32636,             0.10549,            0.020528,             0.01153,                   0,            0.009109,            0.009109,            0.009109
                  20,             0.03003,              0.0248,                   0,              0.3102,             0.57297,             0.29498,            0.096949,            0.021449,             0.01158,                   0,           0.0090595,           0.0090595,           0.0090595
                  21,            0.029573,            0.025004,                   0,             0.35214,             0.59459,             0.31668,             0.10272,            0.019778,            0.011394,                   0,             0.00901,             0.00901,             0.00901
                  22,            0.023545,            0.023703,                   0,             0.45403,             0.53942,             0.40053,             0.13835,            0.019159,            0.011357,                   0,           0.0089605,           0.0089605,           0.0089605
                  23,             0.02915,            0.023222,                   0,              0.4057,              0.5978,             0.36232,             0.13048,            0.018253,            0.011389,                   0,            0.008911,            0.008911,            0.008911
                  24,            0.027326,             0.02284,                   0,             0.39014,             0.72432,             0.40503,             0.15756,            0.021307,            0.010696,                   0,           0.0088615,           0.0088615,           0.0088615
                  25,            0.031817,             0.02362,                   0,             0.42728,             0.62508,             0.38984,             0.15268,            0.018562,             0.01083,                   0,            0.008812,            0.008812,            0.008812
                  26,             0.02547,            0.022992,                   0,             0.42635,             0.67492,             0.42354,             0.15788,            0.020436,            0.010439,                   0,           0.0087625,           0.0087625,           0.0087625
                  27,            0.025182,            0.024589,                   0,             0.39895,              0.7027,             0.42334,             0.14814,            0.017703,            0.010999,                   0,            0.008713,            0.008713,            0.008713
                  28,            0.029234,            0.023933,                   0,             0.42413,             0.63243,             0.43193,             0.15956,            0.020306,            0.010788,                   0,           0.0086635,           0.0086635,           0.0086635
                  29,            0.024595,            0.023884,                   0,             0.36418,             0.65327,              0.3608,             0.13085,            0.018212,            0.011027,                   0,            0.008614,            0.008614,            0.008614
                  30,            0.026014,            0.022801,                   0,             0.35362,             0.71351,             0.36953,             0.13078,            0.017856,            0.011215,                   0,           0.0085645,           0.0085645,           0.0085645
                  31,            0.020601,             0.02231,                   0,              0.4538,              0.6467,             0.45507,             0.18722,            0.016662,            0.010776,                   0,            0.008515,            0.008515,            0.008515
                  32,            0.024652,            0.024428,                   0,             0.50729,             0.59459,             0.49447,             0.19312,            0.016177,            0.010462,                   0,           0.0084655,           0.0084655,           0.0084655
                  33,            0.023156,            0.022828,                   0,              0.4548,             0.62162,             0.42485,             0.17787,            0.016086,            0.010298,                   0,            0.008416,            0.008416,            0.008416
                  34,            0.025154,            0.024754,                   0,             0.56984,             0.62703,             0.53044,             0.19367,            0.017096,             0.00975,                   0,           0.0083665,           0.0083665,           0.0083665
                  35,            0.021654,            0.022748,                   0,             0.54489,             0.74054,             0.61107,             0.28331,            0.015291,           0.0097978,                   0,            0.008317,            0.008317,            0.008317
                  36,            0.025958,            0.023715,                   0,             0.50849,             0.73816,             0.58925,             0.26989,            0.015499,           0.0097772,                   0,           0.0082675,           0.0082675,           0.0082675
                  37,            0.020374,            0.023917,                   0,             0.45712,              0.7601,              0.5132,             0.23704,             0.01637,           0.0099962,                   0,            0.008218,            0.008218,            0.008218
                  38,            0.025992,            0.023417,                   0,             0.53612,             0.67471,             0.55296,             0.25172,            0.014964,            0.010066,                   0,           0.0081685,           0.0081685,           0.0081685
                  39,            0.025089,            0.022608,                   0,             0.60151,             0.58378,              0.5631,             0.24698,            0.016063,           0.0098175,                   0,            0.008119,            0.008119,            0.008119
                  40,             0.02595,            0.022865,                   0,             0.61721,             0.67982,             0.67445,             0.29278,            0.015874,           0.0096817,                   0,           0.0080695,           0.0080695,           0.0080695
                  41,            0.027605,             0.02216,                   0,             0.63649,             0.63784,             0.68333,             0.31377,            0.017026,           0.0094994,                   0,             0.00802,             0.00802,             0.00802
                  42,             0.02425,            0.023396,                   0,              0.6528,             0.62162,             0.65838,             0.33833,            0.015534,           0.0093534,                   0,           0.0079705,           0.0079705,           0.0079705
                  43,            0.019986,            0.023347,                   0,             0.50443,             0.71892,             0.59124,               0.299,            0.015984,           0.0095313,                   0,            0.007921,            0.007921,            0.007921
                  44,             0.02208,            0.021679,                   0,             0.55457,             0.57297,             0.56005,             0.27539,            0.016026,           0.0097342,                   0,           0.0078715,           0.0078715,           0.0078715
                  45,            0.022207,            0.022119,                   0,              0.4996,             0.68539,               0.564,             0.25913,            0.016573,           0.0096885,                   0,            0.007822,            0.007822,            0.007822
                  46,            0.025207,            0.022175,                   0,             0.45951,             0.71892,             0.49232,             0.21538,            0.015346,            0.010007,                   0,           0.0077725,           0.0077725,           0.0077725
                  47,            0.022019,            0.023635,                   0,             0.52179,             0.70187,             0.58622,             0.25769,            0.016616,           0.0097035,                   0,            0.007723,            0.007723,            0.007723
                  48,            0.024975,            0.022896,                   0,             0.54063,             0.72432,             0.63064,             0.27789,            0.016033,           0.0096521,                   0,           0.0076735,           0.0076735,           0.0076735
                  49,            0.023197,            0.022495,                   0,             0.57573,             0.71351,             0.63641,             0.25518,            0.016051,           0.0096793,                   0,            0.007624,            0.007624,            0.007624
                  50,            0.024723,            0.021497,                   0,             0.46042,             0.72876,             0.56921,             0.22476,            0.015545,           0.0096246,                   0,           0.0075745,           0.0075745,           0.0075745
                  51,            0.022508,            0.022561,                   0,             0.58954,             0.64865,             0.64051,             0.30452,             0.01497,           0.0092789,                   0,            0.007525,            0.007525,            0.007525
                  52,            0.022317,            0.021875,                   0,             0.45431,             0.76954,             0.54646,             0.27123,            0.014418,           0.0094058,                   0,           0.0074755,           0.0074755,           0.0074755
                  53,            0.020954,            0.022297,                   0,             0.39152,             0.78378,             0.42235,             0.20291,             0.01534,           0.0096176,                   0,            0.007426,            0.007426,            0.007426
                  54,            0.019951,            0.021231,                   0,             0.53377,             0.68108,             0.59473,             0.30741,            0.014284,           0.0093318,                   0,           0.0073765,           0.0073765,           0.0073765
                  55,            0.024555,            0.022419,                   0,             0.51352,             0.71892,             0.63345,             0.29487,            0.013489,            0.009376,                   0,            0.007327,            0.007327,            0.007327
                  56,            0.024638,            0.023357,                   0,             0.57198,             0.67901,             0.64616,             0.30604,            0.013594,           0.0090259,                   0,           0.0072775,           0.0072775,           0.0072775
                  57,            0.018659,            0.022071,                   0,             0.56719,             0.71351,             0.63862,             0.30774,            0.013725,           0.0090002,                   0,            0.007228,            0.007228,            0.007228
                  58,            0.021127,            0.021081,                   0,             0.52607,             0.75676,             0.61253,             0.28278,            0.014687,           0.0089017,                   0,           0.0071785,           0.0071785,           0.0071785
                  59,            0.021889,            0.021181,                   0,             0.47387,             0.68647,             0.57446,             0.26839,             0.01499,           0.0092068,                   0,            0.007129,            0.007129,            0.007129
                  60,            0.024529,            0.020956,                   0,             0.51151,             0.60541,             0.56981,             0.24761,            0.013978,           0.0093883,                   0,           0.0070795,           0.0070795,           0.0070795
                  61,            0.020848,            0.020515,                   0,             0.54311,             0.65405,              0.6318,              0.3209,            0.015529,           0.0091257,                   0,             0.00703,             0.00703,             0.00703
                  62,            0.020348,            0.020288,                   0,             0.59964,             0.69189,               0.681,             0.36819,            0.014056,           0.0088761,                   0,           0.0069805,           0.0069805,           0.0069805
                  63,            0.018092,            0.021703,                   0,             0.62445,             0.72973,             0.70262,             0.38001,            0.013907,            0.008416,                   0,            0.006931,            0.006931,            0.006931
                  64,            0.020862,            0.021147,                   0,             0.59173,             0.77297,             0.72367,             0.39303,             0.01323,           0.0086894,                   0,           0.0068815,           0.0068815,           0.0068815
                  65,             0.02502,            0.022221,                   0,             0.73414,             0.73514,             0.79552,             0.44668,            0.012553,           0.0082276,                   0,            0.006832,            0.006832,            0.006832
                  66,            0.023349,            0.020571,                   0,             0.69894,             0.80541,              0.8245,             0.44857,            0.012454,           0.0081551,                   0,           0.0067825,           0.0067825,           0.0067825
                  67,            0.022457,            0.020841,                   0,             0.64173,             0.77838,               0.748,              0.3838,            0.012386,           0.0083573,                   0,            0.006733,            0.006733,            0.006733
                  68,            0.024922,            0.021095,                   0,             0.48828,             0.79431,             0.61512,             0.32842,            0.013223,           0.0085124,                   0,           0.0066835,           0.0066835,           0.0066835
                  69,            0.021235,            0.020832,                   0,             0.45937,             0.77838,             0.52644,             0.27233,             0.01168,           0.0087107,                   0,            0.006634,            0.006634,            0.006634
                  70,            0.019656,            0.020733,                   0,             0.50262,             0.76757,             0.60791,             0.32311,             0.01259,           0.0087054,                   0,           0.0065845,           0.0065845,           0.0065845
                  71,            0.023119,            0.021171,                   0,             0.63233,                 0.8,             0.75815,             0.44869,            0.011596,           0.0080372,                   0,            0.006535,            0.006535,            0.006535
                  72,            0.019583,            0.022068,                   0,             0.76156,             0.77691,             0.83088,             0.47822,            0.013006,           0.0077464,                   0,           0.0064855,           0.0064855,           0.0064855
                  73,            0.024389,            0.019095,                   0,             0.74106,             0.80442,             0.85028,             0.49735,            0.013063,           0.0075685,                   0,            0.006436,            0.006436,            0.006436
                  74,            0.022009,            0.020382,                   0,             0.69355,                 0.8,             0.79747,             0.42233,            0.012412,           0.0079327,                   0,           0.0063865,           0.0063865,           0.0063865
                  75,            0.019071,            0.019796,                   0,               0.676,             0.76757,              0.7545,             0.39213,             0.01223,           0.0081501,                   0,            0.006337,            0.006337,            0.006337
                  76,            0.020517,             0.02005,                   0,             0.65673,             0.83767,             0.80576,             0.44164,            0.012754,           0.0079136,                   0,           0.0062875,           0.0062875,           0.0062875
                  77,             0.01943,            0.019534,                   0,             0.70393,             0.76216,             0.79996,             0.44442,            0.013175,           0.0080225,                   0,            0.006238,            0.006238,            0.006238
                  78,            0.021565,            0.020657,                   0,             0.66458,             0.79256,             0.80237,             0.45215,            0.012546,           0.0078617,                   0,           0.0061885,           0.0061885,           0.0061885
                  79,            0.019407,            0.019429,                   0,              0.6657,             0.79459,             0.78692,             0.46367,            0.012318,           0.0077848,                   0,            0.006139,            0.006139,            0.006139
                  80,            0.017979,            0.019229,                   0,             0.66474,             0.78239,             0.73819,             0.45137,            0.012089,           0.0078794,                   0,           0.0060895,           0.0060895,           0.0060895
                  81,            0.018924,            0.021286,                   0,              0.6096,              0.7934,             0.70652,             0.43867,            0.012243,           0.0078259,                   0,             0.00604,             0.00604,             0.00604
                  82,            0.022744,            0.019964,                   0,             0.78917,              0.7891,             0.84851,             0.53695,            0.012477,           0.0074349,                   0,           0.0059905,           0.0059905,           0.0059905
                  83,            0.018021,            0.020779,                   0,             0.71409,             0.86486,             0.84863,             0.52345,            0.012023,           0.0073657,                   0,            0.005941,            0.005941,            0.005941
                  84,            0.021098,            0.020496,                   0,             0.74122,             0.76757,              0.8164,             0.48847,            0.011777,           0.0077671,                   0,           0.0058915,           0.0058915,           0.0058915
                  85,            0.024628,            0.020601,                   0,             0.62243,             0.80541,             0.75688,             0.42976,            0.012253,            0.007956,                   0,            0.005842,            0.005842,            0.005842
                  86,            0.020763,            0.018857,                   0,             0.63255,             0.66998,             0.67988,             0.36008,            0.012377,           0.0082935,                   0,           0.0057925,           0.0057925,           0.0057925
                  87,            0.020036,            0.018246,                   0,             0.69285,              0.6973,             0.71368,             0.39869,            0.012002,           0.0079833,                   0,            0.005743,            0.005743,            0.005743
                  88,            0.020673,            0.020841,                   0,             0.73925,             0.76625,             0.80913,             0.49247,            0.011223,           0.0076057,                   0,           0.0056935,           0.0056935,           0.0056935
                  89,            0.018612,            0.018839,                   0,             0.72798,              0.8101,             0.81203,             0.50716,            0.011967,           0.0074406,                   0,            0.005644,            0.005644,            0.005644
                  90,            0.017053,            0.018981,                   0,             0.78195,             0.85292,             0.86313,             0.55768,            0.011077,           0.0068489,                   0,           0.0055945,           0.0055945,           0.0055945
                  91,            0.017534,             0.01995,                   0,             0.78345,             0.82134,             0.84836,             0.55582,            0.011044,           0.0067121,                   0,            0.005545,            0.005545,            0.005545
                  92,            0.017474,            0.018501,                   0,              0.7083,             0.84324,             0.79047,             0.45453,            0.011634,           0.0070143,                   0,           0.0054955,           0.0054955,           0.0054955
                  93,            0.020638,            0.019922,                   0,             0.73014,             0.90811,             0.87835,             0.54844,            0.011039,           0.0067518,                   0,            0.005446,            0.005446,            0.005446
                  94,            0.018178,            0.017757,                   0,             0.79722,              0.9027,             0.89565,             0.58051,            0.011121,           0.0066241,                   0,           0.0053965,           0.0053965,           0.0053965
                  95,            0.019486,            0.019561,                   0,             0.78095,             0.84794,             0.86506,             0.52178,            0.011021,           0.0066955,                   0,            0.005347,            0.005347,            0.005347
                  96,            0.018897,            0.019598,                   0,             0.75514,             0.88354,             0.88885,             0.56866,            0.010758,            0.006584,                   0,           0.0052975,           0.0052975,           0.0052975
                  97,            0.016599,            0.018181,                   0,             0.82714,             0.87944,             0.93225,             0.60736,            0.010968,           0.0065713,                   0,            0.005248,            0.005248,            0.005248
                  98,            0.016582,            0.019963,                   0,             0.83788,              0.9027,             0.93495,             0.59565,            0.011053,           0.0066951,                   0,           0.0051985,           0.0051985,           0.0051985
                  99,            0.017356,            0.017756,                   0,             0.82562,              0.9027,             0.93194,             0.62314,            0.011339,           0.0064694,                   0,            0.005149,            0.005149,            0.005149
                 100,            0.017642,            0.017626,                   0,              0.8842,               0.908,             0.94605,               0.669,            0.011604,           0.0061439,                   0,           0.0050995,           0.0050995,           0.0050995
                 101,             0.01799,            0.017878,                   0,             0.90754,              0.9027,             0.96068,             0.68759,            0.011259,           0.0059271,                   0,             0.00505,             0.00505,             0.00505
                 102,            0.017948,            0.018536,                   0,             0.92935,             0.85329,             0.95987,             0.69743,            0.010691,           0.0058454,                   0,           0.0050005,           0.0050005,           0.0050005
                 103,            0.016115,            0.018169,                   0,             0.83836,              0.9027,             0.93158,             0.63866,            0.010763,           0.0062078,                   0,            0.004951,            0.004951,            0.004951
                 104,            0.020749,            0.018887,                   0,             0.83177,             0.83243,             0.91485,             0.62896,            0.010826,            0.006419,                   0,           0.0049015,           0.0049015,           0.0049015
                 105,            0.018413,            0.018604,                   0,             0.80431,             0.91093,             0.92458,             0.63367,             0.01064,           0.0062216,                   0,            0.004852,            0.004852,            0.004852
                 106,            0.019119,            0.017769,                   0,             0.78908,              0.9027,             0.90794,             0.62742,            0.010272,           0.0062104,                   0,           0.0048025,           0.0048025,           0.0048025
                 107,            0.020516,            0.017499,                   0,             0.80957,             0.92432,             0.92194,             0.65122,            0.010341,           0.0059671,                   0,            0.004753,            0.004753,            0.004753
                 108,             0.02187,             0.01805,                   0,             0.85486,             0.89189,             0.91738,             0.64118,             0.01017,           0.0061178,                   0,           0.0047035,           0.0047035,           0.0047035
                 109,            0.017154,            0.017305,                   0,             0.87556,             0.91892,             0.93975,             0.69346,            0.010505,           0.0056895,                   0,            0.004654,            0.004654,            0.004654
                 110,            0.016501,            0.016965,                   0,             0.89676,              0.8973,             0.95516,             0.69978,            0.011546,            0.005483,                   0,           0.0046045,           0.0046045,           0.0046045
                 111,            0.017724,            0.017066,                   0,              0.8643,             0.92957,             0.96041,             0.69845,            0.010139,           0.0054645,                   0,            0.004555,            0.004555,            0.004555
                 112,            0.016025,            0.017001,                   0,             0.80148,             0.94054,             0.92951,             0.64599,            0.010396,           0.0058912,                   0,           0.0045055,           0.0045055,           0.0045055
                 113,            0.017202,            0.018445,                   0,             0.83828,              0.8973,             0.93083,             0.64883,           0.0095551,           0.0057864,                   0,            0.004456,            0.004456,            0.004456
                 114,            0.020251,            0.017625,                   0,             0.85598,              0.9027,             0.94606,             0.66801,            0.010322,           0.0056972,                   0,           0.0044065,           0.0044065,           0.0044065
                 115,            0.015958,            0.017341,                   0,             0.86378,             0.96216,              0.9652,             0.68035,            0.010334,           0.0057684,                   0,            0.004357,            0.004357,            0.004357
                 116,            0.019912,            0.018176,                   0,             0.86681,             0.98919,             0.97049,             0.73528,           0.0097321,           0.0054053,                   0,           0.0043075,           0.0043075,           0.0043075
                 117,            0.017403,            0.016904,                   0,             0.91612,             0.95135,             0.97806,             0.73736,           0.0098069,           0.0052377,                   0,            0.004258,            0.004258,            0.004258
                 118,            0.016579,             0.01739,                   0,             0.91663,             0.95093,             0.96667,             0.71725,            0.010025,            0.005423,                   0,           0.0042085,           0.0042085,           0.0042085
                 119,            0.014871,            0.017713,                   0,             0.83879,             0.95627,             0.96285,             0.70412,           0.0096457,           0.0054993,                   0,            0.004159,            0.004159,            0.004159
                 120,            0.014739,            0.016883,                   0,             0.85954,             0.96757,              0.9686,             0.73273,           0.0097347,           0.0052724,                   0,           0.0041095,           0.0041095,           0.0041095
                 121,            0.016375,            0.016868,                   0,             0.96214,             0.92973,              0.9788,             0.73411,           0.0097927,           0.0050926,                   0,             0.00406,             0.00406,             0.00406
                 122,             0.01988,            0.015721,                   0,             0.92512,             0.93491,             0.97308,             0.73477,           0.0094189,           0.0051192,                   0,           0.0040105,           0.0040105,           0.0040105
                 123,            0.017505,            0.017294,                   0,             0.94706,             0.96697,             0.98895,             0.76825,           0.0097749,           0.0049107,                   0,            0.003961,            0.003961,            0.003961
                 124,            0.016784,            0.016631,                   0,             0.95228,             0.97297,                0.99,             0.76567,            0.010016,           0.0048601,                   0,           0.0039115,           0.0039115,           0.0039115
                 125,            0.017066,            0.016686,                   0,             0.97129,             0.94595,             0.98601,             0.77091,           0.0098405,            0.004952,                   0,            0.003862,            0.003862,            0.003862
                 126,            0.018642,            0.017219,                   0,             0.93468,             0.92817,             0.97791,             0.73898,           0.0095596,           0.0051766,                   0,           0.0038125,           0.0038125,           0.0038125
                 127,             0.01726,            0.016071,                   0,             0.91956,             0.92973,             0.97076,             0.71845,             0.01029,           0.0053985,                   0,            0.003763,            0.003763,            0.003763
                 128,             0.01712,            0.016815,                   0,             0.94535,             0.93498,             0.97344,             0.73855,             0.01017,             0.00523,                   0,           0.0037135,           0.0037135,           0.0037135
                 129,            0.017661,            0.015935,                   0,             0.97701,             0.91878,             0.97847,             0.77328,           0.0096642,           0.0049028,                   0,            0.003664,            0.003664,            0.003664
                 130,            0.015992,            0.016735,                   0,             0.94972,             0.91886,             0.97335,             0.75645,           0.0092587,           0.0049167,                   0,           0.0036145,           0.0036145,           0.0036145
                 131,            0.015712,            0.016394,                   0,             0.93212,             0.89189,             0.96755,             0.77158,           0.0092285,           0.0050728,                   0,            0.003565,            0.003565,            0.003565
                 132,            0.014465,            0.016368,                   0,             0.94284,             0.89155,             0.96958,             0.76221,           0.0093534,           0.0048731,                   0,           0.0035155,           0.0035155,           0.0035155
                 133,            0.014392,            0.015776,                   0,             0.93547,             0.94039,             0.97908,             0.77349,           0.0093537,           0.0047216,                   0,            0.003466,            0.003466,            0.003466
                 134,            0.017018,             0.01625,                   0,             0.98816,             0.90244,             0.98251,             0.77933,           0.0092174,           0.0046546,                   0,           0.0034165,           0.0034165,           0.0034165
                 135,            0.019622,            0.015717,                   0,             0.94086,             0.94593,             0.98267,             0.78627,           0.0090233,           0.0046537,                   0,            0.003367,            0.003367,            0.003367
                 136,            0.013589,            0.015742,                   0,              0.9243,             0.92405,             0.97552,             0.76797,           0.0090254,             0.00483,                   0,           0.0033175,           0.0033175,           0.0033175
                 137,            0.018448,            0.016672,                   0,             0.95999,             0.90781,             0.97873,             0.77947,           0.0090342,           0.0048302,                   0,            0.003268,            0.003268,            0.003268
                 138,            0.016721,             0.01534,                   0,             0.98276,             0.94054,             0.98723,             0.80002,           0.0091868,           0.0047698,                   0,           0.0032185,           0.0032185,           0.0032185
                 139,            0.017539,            0.015383,                   0,             0.96774,             0.97278,             0.99111,             0.80979,           0.0092146,           0.0047768,                   0,            0.003169,            0.003169,            0.003169
                 140,            0.016658,            0.016257,                   0,             0.97755,             0.94595,              0.9912,             0.80049,           0.0094904,            0.004741,                   0,           0.0031195,           0.0031195,           0.0031195
                 141,            0.015993,            0.015499,                   0,             0.96269,             0.97838,             0.99118,             0.79596,           0.0098697,           0.0046205,                   0,             0.00307,             0.00307,             0.00307
                 142,            0.015028,            0.015031,                   0,             0.96772,             0.97838,             0.99137,             0.80319,           0.0093225,           0.0045475,                   0,           0.0030205,           0.0030205,           0.0030205
                 143,            0.014246,            0.014924,                   0,             0.97707,             0.95676,             0.99001,             0.80503,           0.0091891,           0.0044008,                   0,            0.002971,            0.002971,            0.002971
                 144,            0.015277,            0.015755,                   0,             0.95128,             0.96216,             0.98756,             0.79833,           0.0089711,           0.0044709,                   0,           0.0029215,           0.0029215,           0.0029215
                 145,            0.017707,            0.016295,                   0,             0.96193,             0.95613,             0.98858,             0.80828,           0.0088285,           0.0044402,                   0,            0.002872,            0.002872,            0.002872
                 146,            0.015441,            0.014316,                   0,             0.96256,             0.97278,             0.99138,             0.82161,           0.0086066,           0.0042888,                   0,           0.0028225,           0.0028225,           0.0028225
                 147,            0.014833,            0.015046,                   0,             0.97235,             0.95676,             0.99097,              0.8172,           0.0082683,           0.0042781,                   0,            0.002773,            0.002773,            0.002773
                 148,            0.019995,            0.015503,                   0,             0.98198,             0.95135,             0.98797,             0.81951,           0.0082373,           0.0043821,                   0,           0.0027235,           0.0027235,           0.0027235
                 149,            0.017515,            0.015292,                   0,             0.96276,             0.97821,             0.98744,             0.81573,           0.0082686,           0.0043922,                   0,            0.002674,            0.002674,            0.002674
                 150,            0.019077,            0.015182,                   0,             0.96295,             0.98346,             0.98944,             0.83236,           0.0081892,           0.0041044,                   0,           0.0026245,           0.0026245,           0.0026245
                 151,            0.013209,            0.015416,                   0,              0.9632,             0.99459,             0.99117,             0.82455,           0.0081386,           0.0041802,                   0,            0.002575,            0.002575,            0.002575
                 152,            0.013106,            0.015079,                   0,             0.96825,             0.98919,             0.99044,             0.82464,            0.008185,            0.004281,                   0,           0.0025255,           0.0025255,           0.0025255
                 153,            0.017667,            0.015868,                   0,              0.9533,             0.99459,             0.98907,             0.83161,           0.0085621,            0.004245,                   0,            0.002476,            0.002476,            0.002476
                 154,              0.0163,            0.015306,                   0,             0.95336,             0.99436,             0.99112,             0.83616,            0.008411,           0.0040969,                   0,           0.0024265,           0.0024265,           0.0024265
                 155,            0.012992,            0.014221,                   0,             0.97838,             0.97829,             0.99109,             0.82436,           0.0083297,           0.0040565,                   0,            0.002377,            0.002377,            0.002377
                 156,            0.013676,            0.014786,                   0,             0.96285,             0.98919,             0.98941,             0.83411,           0.0080584,           0.0039922,                   0,           0.0023275,           0.0023275,           0.0023275
                 157,            0.016147,            0.015617,                   0,             0.97849,             0.98377,             0.99023,             0.84026,           0.0080172,           0.0039788,                   0,            0.002278,            0.002278,            0.002278
                 158,            0.014584,             0.01405,                   0,             0.97326,             0.98371,             0.99013,             0.83692,           0.0079456,           0.0039403,                   0,           0.0022285,           0.0022285,           0.0022285
                 159,            0.018113,            0.013982,                   0,             0.95833,             0.99456,             0.99168,             0.84466,           0.0079135,            0.003905,                   0,            0.002179,            0.002179,            0.002179
                 160,            0.013274,            0.014239,                   0,             0.96808,             0.98375,             0.99152,             0.84459,           0.0075117,           0.0039698,                   0,           0.0021295,           0.0021295,           0.0021295
                 161,            0.014237,            0.014049,                   0,             0.96299,             0.98919,              0.9921,             0.85008,           0.0076652,           0.0039526,                   0,             0.00208,             0.00208,             0.00208
                 162,            0.013346,            0.014903,                   0,             0.97828,             0.97838,             0.99263,             0.86156,           0.0079989,           0.0038702,                   0,           0.0020305,           0.0020305,           0.0020305
                 163,            0.015806,            0.014163,                   0,             0.97785,             0.95676,             0.99124,             0.85896,           0.0077297,           0.0039445,                   0,            0.001981,            0.001981,            0.001981
                 164,            0.014479,            0.016197,                   0,             0.96739,             0.96216,             0.99064,             0.83933,            0.007758,           0.0040483,                   0,           0.0019315,           0.0019315,           0.0019315
                 165,            0.011717,            0.014189,                   0,             0.98337,             0.96216,              0.9911,             0.85879,           0.0075651,           0.0038988,                   0,            0.001882,            0.001882,            0.001882
                 166,            0.015498,             0.01467,                   0,             0.97849,             0.98368,             0.99358,             0.87075,           0.0075203,           0.0037858,                   0,           0.0018325,           0.0018325,           0.0018325
                 167,            0.012346,            0.013906,                   0,             0.96833,             0.99459,             0.99408,             0.86754,            0.007599,           0.0037321,                   0,            0.001783,            0.001783,            0.001783
                 168,            0.014557,            0.014386,                   0,             0.95831,             0.99459,             0.99218,             0.85945,           0.0074007,           0.0037771,                   0,           0.0017335,           0.0017335,           0.0017335
                 169,            0.015479,            0.014449,                   0,             0.95811,             0.98913,             0.98677,             0.85692,           0.0071893,           0.0038636,                   0,            0.001684,            0.001684,            0.001684
                 170,            0.011694,            0.013854,                   0,             0.94359,             0.99453,             0.98872,             0.86297,           0.0069715,           0.0037935,                   0,           0.0016345,           0.0016345,           0.0016345
                 171,            0.013537,            0.012658,                   0,             0.96296,             0.98374,             0.98988,             0.87686,           0.0068719,           0.0037058,                   0,            0.001585,            0.001585,            0.001585
                 172,             0.01257,            0.014206,                   0,             0.95811,             0.98899,             0.98899,             0.87528,           0.0069206,            0.003734,                   0,           0.0015355,           0.0015355,           0.0015355
                 173,            0.018623,            0.014682,                   0,             0.96333,             0.99459,             0.98975,             0.87372,           0.0070553,           0.0036102,                   0,            0.001486,            0.001486,            0.001486
                 174,            0.014936,            0.012852,                   0,             0.95832,             0.99459,             0.98972,             0.88257,           0.0070462,           0.0035539,                   0,           0.0014365,           0.0014365,           0.0014365
                 175,            0.013461,            0.013884,                   0,             0.96842,             0.99453,             0.98989,             0.87037,           0.0071681,           0.0035602,                   0,            0.001387,            0.001387,            0.001387
                 176,            0.014313,            0.013611,                   0,             0.97354,             0.99444,             0.99053,             0.87335,           0.0071468,           0.0035144,                   0,           0.0013375,           0.0013375,           0.0013375
                 177,            0.014982,            0.013451,                   0,             0.96346,                   1,             0.99275,             0.87877,            0.007232,           0.0035656,                   0,            0.001288,            0.001288,            0.001288
                 178,             0.01201,            0.013653,                   0,             0.98358,             0.97838,             0.99198,             0.87665,            0.007375,           0.0036283,                   0,           0.0012385,           0.0012385,           0.0012385
                 179,             0.01162,            0.013295,                   0,             0.97836,             0.97838,             0.99076,             0.88474,            0.007376,             0.00358,                   0,            0.001189,            0.001189,            0.001189
                 180,            0.012192,            0.013739,                   0,             0.98907,             0.97831,             0.99138,             0.88285,           0.0072313,           0.0035179,                   0,           0.0011395,           0.0011395,           0.0011395
                 181,            0.011505,            0.013164,                   0,             0.98905,             0.97838,             0.99039,             0.88579,           0.0070643,           0.0035472,                   0,             0.00109,             0.00109,             0.00109
                 182,            0.018099,            0.013361,                   0,              0.9778,             0.98378,             0.99067,             0.88651,           0.0070916,           0.0035417,                   0,           0.0010405,           0.0010405,           0.0010405
                 183,            0.012155,             0.01347,                   0,             0.96335,             0.99453,             0.98985,             0.87253,           0.0069511,           0.0036279,                   0,            0.000991,            0.000991,            0.000991
                 184,            0.017136,            0.013643,                   0,             0.96837,             0.99459,             0.99076,             0.87244,           0.0068384,           0.0036422,                   0,           0.0009415,           0.0009415,           0.0009415
                 185,            0.013803,            0.013585,                   0,             0.97354,             0.99458,             0.99221,             0.86845,           0.0069414,           0.0035626,                   0,            0.000892,            0.000892,            0.000892
                 186,            0.013448,            0.014141,                   0,             0.98377,                   1,             0.99396,             0.87261,           0.0068124,           0.0034666,                   0,           0.0008425,           0.0008425,           0.0008425
                 187,            0.014191,            0.012612,                   0,             0.98403,                   1,              0.9944,             0.87735,           0.0068194,           0.0034277,                   0,            0.000793,            0.000793,            0.000793
                 188,            0.014413,            0.013305,                   0,             0.98928,                   1,             0.99457,             0.87926,           0.0067681,           0.0034282,                   0,           0.0007435,           0.0007435,           0.0007435
                 189,            0.012417,            0.012695,                   0,              0.9893,             0.99997,             0.99446,             0.87714,            0.006743,           0.0034435,                   0,            0.000694,            0.000694,            0.000694
                 190,            0.014121,            0.013239,                   0,             0.98925,                   1,             0.99367,             0.88526,           0.0066966,           0.0034441,                   0,           0.0006445,           0.0006445,           0.0006445
                 191,            0.014912,             0.01444,                   0,             0.98929,                   1,             0.99286,              0.8769,           0.0067637,            0.003437,                   0,            0.000595,            0.000595,            0.000595
                 192,            0.012129,            0.013548,                   0,             0.98396,                   1,             0.99246,             0.88415,           0.0067582,           0.0034356,                   0,           0.0005455,           0.0005455,           0.0005455
                 193,            0.012092,            0.013114,                   0,             0.98396,             0.99449,             0.99235,             0.88395,           0.0067002,           0.0034317,                   0,            0.000496,            0.000496,            0.000496
                 194,            0.010882,            0.012877,                   0,             0.98917,             0.98919,             0.99213,             0.88551,             0.00666,            0.003402,                   0,           0.0004465,           0.0004465,           0.0004465
                 195,            0.013183,            0.013275,                   0,             0.98919,             0.98919,             0.99252,             0.88811,           0.0065762,           0.0033747,                   0,            0.000397,            0.000397,            0.000397
                 196,             0.01207,            0.012852,                   0,             0.98396,             0.99451,             0.99257,             0.89482,           0.0065985,           0.0033708,                   0,           0.0003475,           0.0003475,           0.0003475
                 197,            0.013254,            0.013075,                   0,             0.97883,             0.99989,             0.99287,             0.89212,           0.0065672,            0.003366,                   0,            0.000298,            0.000298,            0.000298
                 198,            0.012953,            0.011961,                   0,             0.98389,                   1,             0.99299,             0.88836,            0.006483,           0.0033586,                   0,           0.0002485,           0.0002485,           0.0002485
                 199,            0.012479,            0.012596,                   0,             0.98404,             0.99995,             0.99344,             0.88738,           0.0064596,           0.0033718,                   0,            0.000199,            0.000199,            0.000199
